State,Constituency_Name,2019_Candidate,2019_Party,2019_Votes_Margin,2014_Candidate,2014_Party,2014_Votes_Margin,Lat,Long
Andaman and Nicobar Islands,Andaman and Nicobar Islands,Kuldeep Rai Sharma,INC,1407,Bishnu Pada Ray,BJP,7812,11.7401,92.6586
Andhra Pradesh,Amalapuram,CHINTA ANURADHA,YSRCP,39966,Dr Pandula Ravindra Babu,TDP,120576,15.9129,79.74
Andhra Pradesh,Anakapalli,DR.BEESETTI VENKATA SATYAVATHI,YSRCP,89192,Muttamsetti Srinivasa Rao (Avanthi),TDP,47932,15.9129,79.74
Andhra Pradesh,Anantapur,TALARI RANGAIAH,YSRCP,141428,J.C. Divakar Reddi,TDP,61269,15.9129,79.74
Andhra Pradesh,Araku,GODDETI MADHAVI,YSRCP,224089,Kothapalli Geetha,YSRCP,91398,15.9129,79.74
Andhra Pradesh,Bapatla,Nandigam Suresh,YSRCP,16065,Malyadri Sriram,TDP,32754,15.9129,79.74
Andhra Pradesh,Chittoor,N.Reddeppa,YSRCP,137271,Naramalli Sivaprasad,TDP,44138,15.9129,79.74
Andhra Pradesh,Eluru,Kotagiri Sridhar,YSRCP,165925,Maganti Venkateswara Rao (Babu),TDP,101926,15.9129,79.74
Andhra Pradesh,Guntur,JAYADEV GALLA,TDP,4205,Jayadev Galla,TDP,69111,15.9129,79.74
Andhra Pradesh,Hindupur,KURUVA GORANTLA MADHAV,YSRCP,140748,Kristappa Nimmala,TDP,97325,15.9129,79.74
Andhra Pradesh,Kadapa,Y.S.Avinash Reddy,YSRCP,380976,Y.S. Avinash Reddy,YSRCP,190323,15.9129,79.74
Andhra Pradesh,Kakinada,VANGA GEETHAVISWANATH,YSRCP,25738,Thota Narasimham,TDP,3431,15.9129,79.74
Andhra Pradesh,Kurnool,Ayushman Doctor Sanjeev Kumar,YSRCP,148889,Butta Renuka,YSRCP,44131,15.9129,79.74
Andhra Pradesh,Machilipatnam,BALASHOWRY VALLABHANENI,YSRCP,60141,Konakalla Narayana Rao,TDP,81057,15.9129,79.74
Andhra Pradesh,Nandyal,POCHA BRAHMANANDA REDDY,YSRCP,250119,S.P.Y Reddy,YSRCP,105766,15.9129,79.74
Andhra Pradesh,Narasaraopet,LAVU SRI KRISHNA DEVARAYALU,YSRCP,153978,Sambasiva Rao Rayapati,TDP,35280,15.9129,79.74
Andhra Pradesh,Narsapuram,KANUMURU RAGHU RAMA KRISHNA RAJU,YSRCP,31909,Gokaraju Ganga Raju,BJP,85351,15.9129,79.74
Andhra Pradesh,Nellore,Adala Prabhakara Reddy,YSRCP,148571,Mekapati Rajamohan Reddy,YSRCP,13478,15.9129,79.74
Andhra Pradesh,Ongole,MAGUNTA SREENIVASULU REDDY,YSRCP,214851,Y.V.Subba Reddy,YSRCP,15658,15.9129,79.74
Andhra Pradesh,Rajahmundry,MARGANI BHARAT,YSRCP,121634,Murali Mohan Maganti,TDP,167434,15.9129,79.74
Andhra Pradesh,Rajampet,P.V. Midhun Reddy,YSRCP,268284,P.V.Midhun Reddy,YSRCP,174762,15.9129,79.74
Andhra Pradesh,Srikakulam,KINJARAPU RAM MOHAN NAIDU,TDP,6653,Rammohan Naidu Kinjarapu,TDP,127572,15.9129,79.74
Andhra Pradesh,Tirupati,Balli Durga Prasad Rao,YSRCP,228376,Varaprasad Rao Velagapalli,YSRCP,37425,15.9129,79.74
Andhra Pradesh,Vijayawada,KESINENI SRINIVAS,TDP,8726,Kesineni Srinivas,TDP,74862,15.9129,79.74
Andhra Pradesh,Visakhapatnam,M V V SATYANARAYANA,YSRCP,4414,Kambhampati Hari Babu,BJP,90488,15.9129,79.74
Andhra Pradesh,Vizianagaram,BELLANA CHANDRA SEKHAR,YSRCP,48036,Ashok Gajapathi Raju Pusapati,TDP,106911,15.9129,79.74
Arunachal Pradesh,Arunachal East,Shri Tapir Gao,BJP,69948,Ninong Ering,INC,12478,28.218,94.7278
Arunachal Pradesh,Arunachal West,Shri Kiren Rijiju,BJP,174843,Kiren Rijiju,BJP,41738,28.218,94.7278
Assam,Autonomous District,Shri Horen singh,BJP,239626,Biren Singh Engti,INC,24095,26.244156,92.537842
Assam,Barpeta,Abdul Khaleque,INC,140307,Siraj Uddin Ajmal,AUDF,42341,26.244156,92.537842
Assam,Dhubri,Badruddin Ajmal,AIUDF,226258,Badruddin Ajmal,AUDF,229730,26.244156,92.537842
Assam,Dibrugarh,Shri Rameswar Teli,BJP,364566,Rameswar Teli,BJP,185347,26.244156,92.537842
Assam,Gauhati,Queen Oja,BJP,345606,Bijoya Chakravarty,BJP,315784,26.244156,92.537842
Assam,Jorhat,Topon Kumar Gogoi,BJP,82653,Kamakhya Prasad Tasa,BJP,102420,26.244156,92.537842
Assam,Kaliabor,Gaurav Gogoi,INC,209994,Gourav Gogoi,INC,93874,26.244156,92.537842
Assam,Karimganj,Shri Kripanath Mallah,BJP,38389,Radheshyam Biswas,AUDF,102094,26.244156,92.537842
Assam,Kokrajhar,Naba Kumar Sarania,Independent,37786,Naba Kumar Sarania (Hira),IND,355779,26.244156,92.537842
Assam,Lakhimpur,Pradan Baruah,BJP,350551,Sarbananda Sonowal,BJP,292138,26.244156,92.537842
Assam,Mangaldoi,Shri Dilip Saikia,BJP,138545,Ramen Deka,BJP,22884,26.244156,92.537842
Assam,Silchar,Rajdeep Roy,BJP,81596,Sushmita Dev,INC,35241,26.244156,92.537842
Assam,Tezpur,Pallab Lochan Das,BJP,242841,Ram Prasad Sarmah,BJP,86020,26.244156,92.537842
Bihar,Araria,Pradeep Kumar Singh,BJP,137241,Tasleem Uddin,RJD,146504,25.0961,85.3131
Bihar,Arrah,Rajkumar Singh,BJP,147285,Raj Kumar Singh,BJP,135870,25.0961,85.3131
Bihar,Aurangabad,Sushil Kumar Singh,BJP,72607,Sushil Kumar Singh,BJP,66347,25.0961,85.3131
Bihar,Banka,Girdhari Yadav,JD(U),200532,Jai Prakash Narayan Yadav,RJD,10144,25.0961,85.3131
Bihar,Begusarai,Giriraj Singh,BJP,422217,Bhola Singh,BJP,58335,25.0961,85.3131
Bihar,Bhagalpur,Ajay Kumar Mandal,JD(U),277630,Shailesh Kumar Urph Bulo Mandal,RJD,9485,25.0961,85.3131
Bihar,Buxar,Ashwini Kumar Choubey,BJP,117609,Ashwini Kumar Choubey,BJP,132338,25.0961,85.3131
Bihar,Darbhanga,Gopal Ji Thakur,BJP,267979,Kirti Azad,BJP,35043,25.0961,85.3131
Bihar,Jahanabad,Chandeshwar Prasad,JD(U),1751,Dr. Arun Kumar,RLSP,42340,25.0961,85.3131
Bihar,Jhanjharpur,Ramprit Mandal,JD(U),322951,Birendra Kumar Chaudhary,BJP,55408,25.0961,85.3131
Bihar,Karakat,Mahabali Singh,JD(U),84542,Upendra Kushwaha,RLSP,105241,25.0961,85.3131
Bihar,Katihar,Dulal Chandra Goswami,JD(U),57203,Tariq Anwar,NCP,114740,25.0961,85.3131
Bihar,Khagaria,Choudhary Mehboob Ali Kaiser,LJP,248570,Choudhary Mahboob Ali Kaiser,LJP,76003,25.0961,85.3131
Bihar,Kishanganj,Dr.Mohammad Javed,INC,34466,Mohammad Asrarul Haque,INC,194612,25.0961,85.3131
Bihar,Madhepura,Dinesh Chandra Yadav,JD(U),301527,Rajesh Ranjan (Pappu Yadav),RJD,56209,25.0961,85.3131
Bihar,Madhubani,Ashok Kumar Yadav,BJP,454940,Hukm Deo Narayan Yadav,BJP,20535,25.0961,85.3131
Bihar,Maharajganj,Janardan Singh Sigriwal,BJP,230772,Janardan Singh (Sigriwal),BJP,38415,25.0961,85.3131
Bihar,Munger,Rajiv Ranjan Singh alias Lalan Singh,JD(U),167937,Veena Devi,LJP,109084,25.0961,85.3131
Bihar,Muzaffarpur,Ajay Nishad,BJP,409988,Ajay Nishad,BJP,222422,25.0961,85.3131
Bihar,Nalanda,Kaushalendra Kumar,JD(U),256137,Kaushlendra Kumar,JD(U),9627,25.0961,85.3131
Bihar,Nawada,Chandan Singh,LJP,148072,Giriraj Singh,BJP,140157,25.0961,85.3131
Bihar,Paschim Champaran,Dr. Sanjay Jaiswal,BJP,293906,Dr. Sanjay Jaiswal,BJP,110254,25.0961,85.3131
Bihar,Pataliputra,Ram Krapal Yadav,BJP,39321,Ram Kripal Yadav,BJP,40322,25.0961,85.3131
Bihar,Patna Sahib,Ravi Shankar Prasad,BJP,284657,Shatrughana Sinha,BJP,265805,25.0961,85.3131
Bihar,Purnia,Santosh Kumar,JD(U),263461,Santosh Kumar,JD(U),116669,25.0961,85.3131
Bihar,Purvi Champaran,Radha Mohan Singh,BJP,293648,Radha Mohan Singh,BJP,192163,25.0961,85.3131
Bihar,Saran,Rajiv Pratap Rudy,BJP,138429,Rajiv Pratap Rudy,BJP,40948,25.0961,85.3131
Bihar,Sheohar,Smt. Rama Devi,BJP,340360,Rama Devi,BJP,136239,25.0961,85.3131
Bihar,Sitamarhi,Sunil Kumar Pintu,JD(U),250539,Ram Kumar Sharma,RLSP,147965,25.0961,85.3131
Bihar,Siwan,Kavita Singh JD,JD(U),116958,Om Prakash Yadav,BJP,113847,25.0961,85.3131
Bihar,Supaul,Dileshwar Kamath,JD(U),266853,Ranjeet Ranjan,INC,59672,25.0961,85.3131
Bihar,Ujiarpur,Nityanand Rai,BJP,277278,Nityanand Rai,BJP,60469,25.0961,85.3131
Bihar,Vaishali,Veena Devi,LJP,234584,Rama Kishore Singh,LJP,99267,25.0961,85.3131
Bihar,Valmiki Nagar,Baidyanath Prasad Mahato,JD(U),354616,Satish Chandra Dubey,BJP,117793,25.0961,85.3131
Chandigarh,Chandigarh,Smt. Kirron Kher,BJP,46970,Smt. Kirron Kher,BJP,69642,30.7333,76.7794
Chhattisgarh,Bastar,Deepak Baij,INC,38982,Dinesh Kashyap,BJP,124359,21.2787,81.8661
Chhattisgarh,Bilaspur,Shri Arun Sao,BJP,141763,Lakhan Lal Sahu,BJP,176436,21.2787,81.8661
Chhattisgarh,Durg,Shri Vijay Baghel,BJP,391978,Tamradhwaj Sahu,INC,16848,21.2787,81.8661
Chhattisgarh,Janjgir-Champa,Shri Guharam Ajgale,BJP,83255,Kamla Patle,BJP,174961,21.2787,81.8661
Chhattisgarh,Kanker,Shri Mohan Mandav,BJP,6914,Vikram Dev Usendi,BJP,35158,21.2787,81.8661
Chhattisgarh,Korba,Smt. Jyotsna Mahant,INC,26349,Dr. Banshilal Mahto,BJP,4265,21.2787,81.8661
Chhattisgarh,Mahasamund,Shri Chunnilal Sahu,BJP,90511,Chandu Lal Sahu (Chandu Bhaiya),BJP,1217,21.2787,81.8661
Chhattisgarh,Raigarh,Smt. Gomtee Sai,BJP,66027,Vishnu Deo Sai,BJP,216750,21.2787,81.8661
Chhattisgarh,Raipur,Shri Sunil Soni,BJP,348238,Ramesh Bais,BJP,171646,21.2787,81.8661
Chhattisgarh,Rajnandgaon,Shri Santosh Pandey,BJP,111966,Abhishek Singh,BJP,235911,21.2787,81.8661
Dadar & Nagar Haveli,Dadar & Nagar Haveli,Delkar Mohanbhai Sanjibhai,Independent,9001,Patel Natubhai Gomanbhai,BJP,6214,20.1809,73.0169
Delhi,Chandni Chowk,Dr. Harshvardhan,BJP,228145,Dr. Harsh Vardhan,BJP,136320,28.7041,77.1025
Delhi,East Delhi,Sh. Gautam Gambhir,BJP,391222,Maheish Girri,BJP,190463,28.7041,77.1025
Delhi,New Delhi,Smt. Minakshi Lekhi,BJP,256504,Meenakashi Lekhi,BJP,162708,28.7041,77.1025
Delhi,North East Delhi,Sh. Manoj Tiwari,BJP,366102,Manoj Tiwari,BJP,144084,28.7041,77.1025
Delhi,North West Delhi,Shri Hansraj Hans,BJP,553897,Udit Raj,BJP,106802,28.7041,77.1025
Delhi,South Delhi,Sh. Ramesh Bidhuri,BJP,367043,Ramesh Bidhuri,BJP,107000,28.7041,77.1025
Delhi,West Delhi,Sh. Pravesh Verma,BJP,578486,Parvesh Sahib Singh Verma,BJP,268586,28.7041,77.1025
Goa,North Goa,Shri Shripad Yesso Naik,BJP,80247,Shripad Yesso Naik,BJP,105599,15.2993,74.124
Goa,South Goa,Cosme Francisco Caitano Sardinha,INC,9755,Adv. Narendra Keshav Sawaikar,BJP,32330,15.2993,74.124
Gujarat,Ahmedabad East,Patel Hasmukhbhai Somabhai,BJP,434330,Paresh Rawal,BJP,326633,22.309425,72.13623
Gujarat,Ahmedabad West,Dr. Kirit P. Solanki,BJP,321546,Dr. Kirit P Solanki,BJP,320311,22.309425,72.13623
Gujarat,Amreli,Kachhadiya Naranbhai Bhikhabhai,BJP,201431,Kachhadiya Naranbhai Bhikhabhai,BJP,156232,22.309425,72.13623
Gujarat,Anand,Shri Miteshbhai Patel,BJP,633097,Dilip Patel,BJP,63426,22.309425,72.13623
Gujarat,Banaskantha,Shri Parbatbhai Savabhai Patel,BJP,368296,Chaudhary Haribhai Parthibhai,BJP,202334,22.309425,72.13623
Gujarat,Bardoli,Shri Parbhu Bhai Vasava,BJP,215447,Vasava Parbhubhai Nagarbhai,BJP,123884,22.309425,72.13623
Gujarat,Bharuch,Shri Mansukhbhai Dhanjibhai Vasava,BJP,334214,Vasava Mansukhbhai Dhanjibhai,BJP,153273,22.309425,72.13623
Gujarat,Bhavnagar,Dr. Mrs. Bharatiben Shiyal,BJP,329519,Dr. Bharatiben Dhirubhai Shiyal,BJP,295488,22.309425,72.13623
Gujarat,Chhota Udaipur,Mrs. Gitaben Vajesingbhai Rathva,BJP,377943,Ramsinh Rathwa,BJP,179729,22.309425,72.13623
Gujarat,Dahod,Shri Jashvant Sinh Bhabhor,BJP,127596,Jasvantsinh Sumanbhai Bhabhor,BJP,230354,22.309425,72.13623
Gujarat,Gandhinagar,Shri Amit Shah,BJP,557014,L.K.Advani,BJP,483121,22.309425,72.13623
Gujarat,Jamnagar,Mrs. Punamben Madam,BJP,236804,Poonamben Hematbhai Maadam,BJP,175289,22.309425,72.13623
Gujarat,Junagadh,Shri Rajeshbhai Naranbhai Chudasma,BJP,150185,Chudasama Rajeshbhai Naranbhai,BJP,135832,22.309425,72.13623
Gujarat,Kheda,Shri Devusinh Chauhan,BJP,367145,Chauhan Devusinh Jesingbhai (Chauhan Devusinh),BJP,232901,22.309425,72.13623
Gujarat,Navsari,Shri C.R. Patil,BJP,689668,C. R. Patil,BJP,558116,22.309425,72.13623
Gujarat,Panchmahal,Ratansinh Magansinh Rathod,BJP,428541,Chauhan Prabhatsinh Pratapsinh,BJP,170596,22.309425,72.13623
Gujarat,Patan,Shri Bharatsinh Dabhi Thakor,BJP,193879,Liladharbhai Khodaji Vaghela,BJP,138719,22.309425,72.13623
Gujarat,Porbandar,Shri Ramesh Lavjibhai Dhaduk,BJP,229823,Radadiya Vithalbhai Hansrajbhai,BJP,267971,22.309425,72.13623
Gujarat,Rajkot,Shri Mohan Bhai Kundariya,BJP,368407,Kundariya Mohanbhai Kalyanjibhai,BJP,246428,22.309425,72.13623
Gujarat,Sabarkantha,Shri Dipsinh Radhod,BJP,268987,Rathod Dipsinh Shankarsinh,BJP,84455,22.309425,72.13623
Gujarat,Surat,Smt. Darshana Vikram Jardosh,BJP,548230,Darshana Vikram Jardosh,BJP,533190,22.309425,72.13623
Gujarat,Surendranagar,Dr. Mahendra Bhai Munjpara,BJP,277437,Fatepara Devajibhai Govindbhai,BJP,202907,22.309425,72.13623
Gujarat,Vadodara,Mrs. Ranjanben Bhatt,BJP,589177,Narendra Modi,BJP,570128,22.309425,72.13623
Gujarat,Valsad,Dr. K.C. Patel,BJP,353797,Dr. K.C.Patel,BJP,208004,22.309425,72.13623
Haryana,Ambala,Shri Ratan Lal Katariya,BJP,342345,Rattan Lal Kataria,BJP,340074,29.0588,76.0856
Haryana,Bhiwani-Mahendragarh,Shri Dharmvir Singh,BJP,444463,Dharambir S/O Bhale Ram,BJP,129394,29.0588,76.0856
Haryana,Faridabad,Shri Krishan Pal Gurjar,BJP,638239,Krishan Pal,BJP,466873,29.0588,76.0856
Haryana,Gurgaon,Rao Inderjit Singh,BJP,386256,Inderjit Singh Rao,BJP,274722,29.0588,76.0856
Haryana,Hisar,Brijendra Singh,BJP,314068,Dushyant Chautala,INLD,31847,29.0588,76.0856
Haryana,Karnal,Shri Sanjay Bhatiya,BJP,656142,Ashwini Kumar,BJP,360147,29.0588,76.0856
Haryana,Kurukshetra,Shri Nayab Singh Saini,BJP,384591,Raj Kumar Saini,BJP,129736,29.0588,76.0856
Haryana,Rohtak,Arvind Sharma,BJP,7503,Deepender Singh Hooda,INC,170627,29.0588,76.0856
Haryana,Sirsa,Smt Suneeta Duggal,BJP,309918,Charanjeet Singh Rori,INLD,115736,29.0588,76.0856
Haryana,Sonipat,Shri Ramesh Chandra Kaushik,BJP,164864,Ramesh Chander,BJP,77414,29.0588,76.0856
Himachal Pradesh,Hamirpur,ANURAG SINGH THAKUR,BJP,399572,Anurag Singh Thakur,BJP,98403,31.1048,77.1734
Himachal Pradesh,Kangra,Shri Kishan Kapoor,BJP,477623,Shanta Kumar,BJP,170072,31.1048,77.1734
Himachal Pradesh,Mandi,Shri Ramswroop Sharma,BJP,405459,Ram Swaroop Sharma,BJP,39856,31.1048,77.1734
Himachal Pradesh,Shimla,Shri Suresh Kashyap,BJP,327515,Virender Kashyap,BJP,84187,31.1048,77.1734
Jammu & Kashmir,Anantnag,Hasnain Masoodi,JKPDP,6676,Mehbooba Mufti,JKPDP,65417,33.7782,76.5762
Jammu & Kashmir,Baramulla,Mohammad Akbar Lone,JKPDP,30233,Muzaffar Hussain Baig,JKPDP,29219,33.7782,76.5762
Jammu & Kashmir,Jammu,Shri Jugal Kishore Sharma,BJP,302875,Jugal Kishore,BJP,257280,33.7782,76.5762
Jammu & Kashmir,Ladakh,Shri Jamyang Tsering Namgyal,BJP,10930,Thupstan Chhewang,BJP,36,33.7782,76.5762
Jammu & Kashmir,Srinagar,Farooq Abdullah,JKPDP,70050,Tariq Hameed Karra,JKPDP,42280,33.7782,76.5762
Jammu & Kashmir,Udhampur,Dr. Jitendra Singh,BJP,357252,Dr. Jitendra Singh,BJP,60976,33.7782,76.5762
Jharkhand,Chatra,Shri Sunil Kumar Singh,BJP,377871,Sunil Kumar Singh,BJP,178026,23.6102,85.2799
Jharkhand,Dhanbad,Shri Pashupati Nath Singh,BJP,486194,Pashupati Nath Singh,BJP,292954,23.6102,85.2799
Jharkhand,Dumka,Shri Sunil Soren,BJP,47590,Shibu Soren,JMM,39030,23.6102,85.2799
Jharkhand,Giridih,Chandra Prakash Choudhary,Others,248347,Ravindra Kumar Pandey,BJP,40313,23.6102,85.2799
Jharkhand,Godda,Shri Nishikant Dubey,BJP,184227,Nishikant Dubey,BJP,60682,23.6102,85.2799
Jharkhand,Hazaribagh,Shri Jayant Sinha,BJP,479548,Jayant Sinha,BJP,159128,23.6102,85.2799
Jharkhand,Jamshedpur,Shri Vidhyut Varan Mahato,BJP,302090,Bidyut Baran Mahato,BJP,99876,23.6102,85.2799
Jharkhand,Khunti,Shri Arjun Munda,BJP,1445,Karia Munda,BJP,92248,23.6102,85.2799
Jharkhand,Kodarma,Smt Annapurna Devi Yadav,BJP,455600,Ravindra Kr. Ray,BJP,98654,23.6102,85.2799
Jharkhand,Lohardaga,Shri Sudarshan Bhagat,BJP,10363,Sudarshan Bhagat,BJP,6489,23.6102,85.2799
Jharkhand,Rajmahal,Vijay Hansda,JMM,99195,Vijay Kumar Hansdak,JMM,41337,23.6102,85.2799
Jharkhand,Ranchi,Shri Sanjay Seth,BJP,283026,Ram Tahal Choudhary,BJP,199303,23.6102,85.2799
Jharkhand,Singhbhum,Smt Geeta Kora,INC,72155,Laxman Giluwa,BJP,87524,23.6102,85.2799
Karnataka,Bagalkot,Gaddigoudar Parvatagouda Chandanagouda,BJP,168187,Gaddigoudar Parvtagouda Chandanagouda,BJP,116560,15.317277,75.71389
Karnataka,Bangalore Central,Shri P. C. Mohan,BJP,70968,P.C. Mohan,BJP,137500,15.317277,75.71389
Karnataka,Bangalore North,Shri D.V. Sadananda Gowda,BJP,147518,D.V Sadananda Gowda,BJP,229764,15.317277,75.71389
Karnataka,Bangalore Rural,D.K Suresh,INC,206870,D K Suresh,INC,231480,15.317277,75.71389
Karnataka,Bangalore South,Shri Tejaswi Surya,BJP,331192,Ananth Kumar,BJP,228575,15.317277,75.71389
Karnataka,Belgaum,Angadi Suresh Channabasappa,BJP,391304,Angadi Suresh Channabasappa,BJP,75860,15.317277,75.71389
Karnataka,Bellary,Y. Devendrappa,BJP,55707,B. Sreeramulu,BJP,85144,15.317277,75.71389
Karnataka,Bidar,Bhagwanth Khuba,BJP,116834,Bhagwanth Khuba,BJP,92222,15.317277,75.71389
Karnataka,Bijapur,Jigajinagi Ramesh Chandappa,BJP,258038,Ramesh Jigajinagi,BJP,69819,15.317277,75.71389
Karnataka,Chamarajanagar,R.Dhruvanarayana,BJP,1817,R. Dhruvanarayana,INC,141182,15.317277,75.71389
Karnataka,Chikkodi,Annasaheb Shankar Jolle,BJP,118877,Prakash Babanna Hukkeri,INC,3003,15.317277,75.71389
Karnataka,Chitradurga,Shri A Narayanaswamy,BJP,80178,B.N.Chandrappa,INC,101291,15.317277,75.71389
Karnataka,Dakshina Kannada,Shri Nalin Kumar Kateel,BJP,274621,Nalin Kumar Kateel,BJP,143709,15.317277,75.71389
Karnataka,Davanagere,G M Siddeshwar,BJP,169702,G M Siddeshwara,BJP,17607,15.317277,75.71389
Karnataka,Dharwad,Pralhad Joshi,BJP,205072,Pralhad Joshi,BJP,113657,15.317277,75.71389
Karnataka,Gulbarga,Dr. Umesh G Jadhav,BJP,95452,Mallikarjun Kharge,INC,74733,15.317277,75.71389
Karnataka,Hassan,Prajwal Revanna,JD(S),141324,H.D. Devegowda,JD(S),100462,15.317277,75.71389
Karnataka,Haveri,Udasi. S.C.,BJP,140882,Udasi Shivakumar Channabasappa,BJP,87571,15.317277,75.71389
Karnataka,Kolar,S. Muniswamy,BJP,210021,K.H.Muniyappa,INC,47850,15.317277,75.71389
Karnataka,Koppal,Karadi Sanganna Amarappa,BJP,38397,Karadi Sanganna Amarappa,BJP,32414,15.317277,75.71389
Karnataka,Mandya,Sumalatha Ambareesh,Independent,125876,C.S.Puttaraju,JD(S),5518,15.317277,75.71389
Karnataka,Mysore,Shri Prathap Simha,BJP,138647,Prathap Simha,BJP,31608,15.317277,75.71389
Karnataka,Raichur,Raja Amareshwara Naik,BJP,117716,B.V.Nayak,INC,1499,15.317277,75.71389
Karnataka,Shimoga,B.Y.Raghavendra.,BJP,223360,B. S. Yeddyurappa,BJP,363305,15.317277,75.71389
Karnataka,Tumkur,Shri G.S Basavaraj,BJP,13339,Muddahanumegowda.S.P.,INC,74041,15.317277,75.71389
Karnataka,Udupi Chikmagalur,Shobha Karandlaje,BJP,349599,Shobha Karandlaje,BJP,181643,15.317277,75.71389
Karnataka,Uttara Kannada,Anantkumar Hegde,BJP,479649,Anantkumar Hegde,BJP,140700,15.317277,75.71389
Lakshadweep,Lakshadweep,Mohd.Faizal P.P,NCP,823,Mohammed Faizal P.P.,NCP,1535,10,73
Madhya Pradesh,Balaghat,Shri Dhal Singh Bisen,BJP,242066,Bodhsingh Bhagat,BJP,96041,22.9734,78.6569
Madhya Pradesh,Betul,Shri Durgadas Uike,BJP,360241,Jyoti Dhurve,BJP,328614,22.9734,78.6569
Madhya Pradesh,Bhind,Smt. Sandhya Rai,BJP,199885,Dr. Bhagirath Prasad,BJP,159961,22.9734,78.6569
Madhya Pradesh,Bhopal,Sadhvi Pragya Singh Thakur,BJP,364822,Alok Sanjar,BJP,370696,22.9734,78.6569
Madhya Pradesh,Chhindwara,Nakul Kumar Nath,INC,37536,Kamal Nath,INC,116537,22.9734,78.6569
Madhya Pradesh,Damoh,Shri Prahlad Patel,BJP,353411,Prahalad Singh Patel,BJP,213299,22.9734,78.6569
Madhya Pradesh,Dewas,Shri Mahendra Solanki,BJP,372249,Manohar Untwal,BJP,260313,22.9734,78.6569
Madhya Pradesh,Dhar,Chattarsingh Darbar,BJP,156029,Savitri Thakur,BJP,104328,22.9734,78.6569
Madhya Pradesh,Guna,Dr. K.P. Yadav,BJP,125549,Jyotiraditya M Scindia,INC,120792,22.9734,78.6569
Madhya Pradesh,Gwalior,Shri Vivek Sejwalkar,BJP,146842,Narendra Singh Tomar,BJP,29699,22.9734,78.6569
Madhya Pradesh,Hoshangabad,Shri Rao Udai Pratap Singh,BJP,553682,Uday Pratap Singh,BJP,389960,22.9734,78.6569
Madhya Pradesh,Indore,Sh. Shankar Lalwani,BJP,547754,Sumitra Mahajan (Tai),BJP,466901,22.9734,78.6569
Madhya Pradesh,Jabalpur,Shri Rakesh Singh,BJP,454744,Rakesh Singh,BJP,208639,22.9734,78.6569
Madhya Pradesh,Khajuraho,Bishnu Datt Sharma,BJP,492382,Nagendra Singh,BJP,247490,22.9734,78.6569
Madhya Pradesh,Khandwa,Shri Nand Kumar Singh Chouhan,BJP,273343,Nandkumar Singh Chouhan (Nandu Bhaiya),BJP,259714,22.9734,78.6569
Madhya Pradesh,Khargone,Shri Gajendra Patel,BJP,202510,Subhash Patel,BJP,257879,22.9734,78.6569
Madhya Pradesh,Mandla,Faggansingh Kulaste,BJP,97674,Faggan Singh Kulaste,BJP,110469,22.9734,78.6569
Madhya Pradesh,Morena,Shri Narendra Singh Tomar,BJP,113341,Anoop Mishra,BJP,132981,22.9734,78.6569
Madhya Pradesh,Rajgarh,Shri Roadmal Nagar,BJP,431019,Rodmal Nagar,BJP,228737,22.9734,78.6569
Madhya Pradesh,Ratlam,Guman Singh Damor,BJP,90636,Dileepsingh Bhuria,BJP,108447,22.9734,78.6569
Madhya Pradesh,Rewa,Shri Janardan Mishra,BJP,312807,Janardan Mishra,BJP,168726,22.9734,78.6569
Madhya Pradesh,Sagar,Shri Rajbahadur Singh,BJP,305542,Laxmi Narayan Yadav,BJP,120737,22.9734,78.6569
Madhya Pradesh,Satna,Shri Ganesh Singh,BJP,231473,Ganesh Singh,BJP,8688,22.9734,78.6569
Madhya Pradesh,Shahdol,Smt. Himadri Singh,BJP,403333,Dalpat Singh Paraste,BJP,241301,22.9734,78.6569
Madhya Pradesh,Sidhi,Smt. Riti Pathak,BJP,286524,Riti Pathak,BJP,108046,22.9734,78.6569
Madhya Pradesh,Tikamgarh,Shri Virendra Kumar Khateek,BJP,348059,Dr. Virendra Kumar,BJP,208731,22.9734,78.6569
Madhya Pradesh,Ujjain,Shri Anil Firojiya,BJP,365637,Prof. Chintamani Malviya,BJP,309663,22.9734,78.6569
Madhya Pradesh,Vidisha,Shri Ramakant Bhargav,BJP,503084,Sushma Swaraj,BJP,410698,22.9734,78.6569
Maharashtra,Akola,Shri Dhotre Sanjay Shamrao,BJP,275596,Dhotre Sanjay Shamrao,BJP,203116,19.7515,75.7139
Maharashtra,Amravati,Navnit Ravi Rana,Independent,36951,Adsul Anandrao Vithoba,SHS,137932,19.7515,75.7139
Maharashtra,Aurangabad,Imtiaz Jaleel Syed,Others,4492,Chandrakant Bhaurao Khaire,SHS,162000,19.7515,75.7139
Maharashtra,Baramati,Supriya Sule,NCP,155774,Supriya Sule,NCP,69719,19.7515,75.7139
Maharashtra,Beed,Dr. Pritam Gopinath Munde,BJP,168368,Munde Gopinathrao Pandurang,BJP,136454,19.7515,75.7139
Maharashtra,Bhiwandi,Shri Kapil Moreshwar Patil,BJP,156329,Kapil Moreshwar Patil,BJP,109450,19.7515,75.7139
Maharashtra,Buldhana,Jadhav Prataprao Ganpatrao,SHS,133287,Jadhav Prataprao Ganpatrao,SHS,159579,19.7515,75.7139
Maharashtra,Chandrapur,Balubhau alias Suresh Narayan Dhanorkar,INC,44763,Ahir Hansraj Gangaram,BJP,236269,19.7515,75.7139
Maharashtra,Dhule,Dr. Subhash Ramrao Bhamre,BJP,229243,Dr. Bhamre Subhash Ramrao,BJP,130723,19.7515,75.7139
Maharashtra,Dindori,Dr. Bharati Pawar,BJP,198779,Chavan Harishchandra Deoram,BJP,247619,19.7515,75.7139
Maharashtra,Gadchiroli-Chimur,Shri Ashok Mahadeorao Nete,BJP,77526,Ashok Mahadeorao Nete,BJP,236870,19.7515,75.7139
Maharashtra,Hatkanangle,Dhairyasheel Mane,SHS,96039,Raju Shetty,SWP,177810,19.7515,75.7139
Maharashtra,Hingoli,Hemant Patil,SHS,277856,Rajeev Shankarrao Satav,INC,1632,19.7515,75.7139
Maharashtra,Jalgaon,Unmesh Bhaiyyasaheb Patil,BJP,411617,A.T. Nana Patil,BJP,383525,19.7515,75.7139
Maharashtra,Jalna,Shri Raosaheb Patil Danve,BJP,332815,Danve Raosaheb Dadarao,BJP,206798,19.7515,75.7139
Maharashtra,Kalyan,Dr. Shrikant Eknath Shinde,SHS,344343,Dr.Shrikant Eknath Shinde,SHS,250749,19.7515,75.7139
Maharashtra,Kolhapur,Sanjay Sadashivrao Mandlik,SHS,270568,Dhananjay Bhimrao Mahadik,NCP,33259,19.7515,75.7139
Maharashtra,Latur,Shri Sudhakar Tukaram Shrangare,BJP,289111,Dr. Sunil Baliram Gaikwad,BJP,253395,19.7515,75.7139
Maharashtra,Madha,Shri Ranjeet Singh Hindurao Naik Nimbalkar,BJP,85764,Mohite Patil Vijaysinh Shankarrao,NCP,25344,19.7515,75.7139
Maharashtra,Maval,Shrirang Barne,SHS,215913,Appa Alias Shrirang Chandu Barne,SHS,157397,19.7515,75.7139
Maharashtra,Nagpur,Shri Nitin Jairam Gadkari,BJP,216009,Gadkari Nitin Jairam,BJP,284828,19.7515,75.7139
Maharashtra,Nanded,Shri Prataprao Patil Chikkalikar,BJP,40148,Ashok Shankarrao Chavan,INC,81455,19.7515,75.7139
Maharashtra,Nandurbar,Dr. Heena Vijaykumar Gavit,BJP,95629,Dr.Gavit Heena Vaijaykumar,BJP,106905,19.7515,75.7139
Maharashtra,Nashik,Hemant Tukaram Godse,SHS,292204,Godse Hemant Tukaram,SHS,187336,19.7515,75.7139
Maharashtra,Osmanabad,Omprakash Bhupalsinh Alias Pawan Rajenimbalkar,SHS,127566,Gaikwad Ravindra Vishwanath,SHS,234325,19.7515,75.7139
Maharashtra,Palghar,Rajendra Dhedya Gavit,SHS,88883,Adv. Chintaman Navasha Wanga,BJP,239520,19.7515,75.7139
Maharashtra,Parbhani,Jadhav Sanjay Haribhau,SHS,42199,Jadhav Sanjay (Bandu) Haribhau,SHS,127155,19.7515,75.7139
Maharashtra,Pune,Shri Girish Bhalchandra Bapat,BJP,324628,Anil Shirole,BJP,315769,19.7515,75.7139
Maharashtra,Raigad,Sunil Dattatray Tatkare,NCP,31438,Anant Geete,SHS,2110,19.7515,75.7139
Maharashtra,Ramtek,Krupal Balaji Tumane,SHS,126783,Krupal Balaji Tumane,SHS,175791,19.7515,75.7139
Maharashtra,Raver,Smt. Raksha Nikhil Khadse,BJP,335882,Khadase Raksha Nikhil,BJP,318068,19.7515,75.7139
Maharashtra,Sangli,Sanjaykaka Patil,BJP,164352,Sanjaykaka Patil,BJP,239292,19.7515,75.7139
Maharashtra,Satara,Udayanraje Bhosale,NCP,126528,Shrimant Chh. Udayanraje Pratapsinha Bhonsale,NCP,366594,19.7515,75.7139
Maharashtra,Shirdi,Sadashiv Kishan Lokhande,SHS,120195,Lokhande Sadashiv Kisan,SHS,199922,19.7515,75.7139
Maharashtra,Shirur,Dr. Amol Ramsing Kolhe,NCP,58483,Adhalrao Shivaji Dattatrey,SHS,301814,19.7515,75.7139
Maharashtra,Solapur,Dr. Jaysidhesvar Swami,BJP,158608,Sharad Bansode,BJP,149674,19.7515,75.7139
Maharashtra,Thane,Rajan BaburaoVichare,SHS,412145,Vichare Rajan Baburao,SHS,281299,19.7515,75.7139
Maharashtra,Wardha,Shri Ramdas Chandrabhanji Tadas,BJP,187191,Ramdas Chandrabhanji Tadas,BJP,215783,19.7515,75.7139
Maharashtra,Yavatmal-Washim,Bhavana Pundlikrao Gawali,SHS,117939,Gawali Bhavana Pundlikrao,SHS,93816,19.7515,75.7139
Manipur,Inner Manipur,Dr Rajkumar Ranjan Singh,BJP,17755,Dr. Thokchom Meinya,INC,94674,24.6637,93.9063
Manipur,Outer Manipur,Lorho S. Pfoze,NPF,73782,Thangso Baite,INC,15637,24.6637,93.9063
Meghalaya,Shillong,Vincent H Pala,INC,152433,Vincent H. Pala,INC,40379,25.467,91.3662
Meghalaya,Tura,Agatha K.Sangma,NPP,64030,Purno Agitok Sangma,NPP,39716,25.467,91.3662
Mizoram,Mizoram,C Lalrosanga,MNF,8140,C. L. RUALA,INC,6154,23.1645,92.9376
Nagaland,Nagaland,Tokheho Yepthomi,NDPP,16344,"Neiphiu Rio	NPF",NPF,400225,26.1584,94.5624
Orissa,Aska,Pramila Bisoi,BJD,204707,Ladu Kishore Swain,BJD,311997,20.9517,85.0985
Orissa,Balasore,Shri Pratap Sarangi,BJP,12956,Rabindra Kumar Jena,BJD,141825,20.9517,85.0985
Orissa,Bargarh,Shri Suresh Pujari,BJP,63939,Prabhas Kumar Singh,BJD,11178,20.9517,85.0985
Orissa,Berhampur,Chandrasekhar Sahu,BJD,94844,Sidhant Mohapatra,BJD,127720,20.9517,85.0985
Orissa,Bhadrak,Manjulata Mandal,BJD,28803,Arjun Charan Sethi,BJD,179359,20.9517,85.0985
Orissa,Bhubaneswar,Smt. Aparajita Sarangi,BJP,23839,Prasanna Kumar Patasani,BJD,189477,20.9517,85.0985
Orissa,Bolangir,Shri Sangeeta Kumari Singh Deo,BJP,19516,Kalikesh Narayan Singh Deo,BJD,104299,20.9517,85.0985
Orissa,Cuttack,Bhartruhari Mahtab,BJD,121201,Bhartruhari Mahatab,BJD,306762,20.9517,85.0985
Orissa,Dhenkanal,Mahesh Sahu,BJD,35412,Tathagata Satpathy,BJD,137340,20.9517,85.0985
Orissa,Jagatsinghpur,Dr. Rajshree Malik,BJD,271655,Kulamani Samal,BJD,276394,20.9517,85.0985
Orissa,Jajpur,Sarmishtha Sethi,BJD,101693,Rita Tarai,BJD,320271,20.9517,85.0985
Orissa,Kalahandi,Basanta Kumar Panda,BJP,26814,Arka Keshari Deo,BJD,56347,20.9517,85.0985
Orissa,Kandhamal,Achyutananda Samanta,BJD,149216,Hemendra Chandra Singh,BJD,181017,20.9517,85.0985
Orissa,Kendrapara,Anubhav Mohanty,BJD,152584,Baijayant Panda,BJD,209108,20.9517,85.0985
Orissa,Keonjhar,Chandrani Murmu,BJD,66203,Sakuntala Laguri,BJD,157317,20.9517,85.0985
Orissa,Koraput,Saptagiri Ulaka,INC,3613,Jhina Hikaka,BJD,19328,20.9517,85.0985
Orissa,Mayurbhanj,Er Biswesar Tudu,BJP,25256,Rama Chandra Hansdah,BJD,122866,20.9517,85.0985
Orissa,Nabarangpur,Ramesh Chandra Manjhi,BJD,41634,Balabhadra Majhi,BJD,2042,20.9517,85.0985
Orissa,Puri,Pinaki Mishra,BJD,11714,Pinaki Misra,BJD,263361,20.9517,85.0985
Orissa,Sambalpur,Shri Nitesh Ganga Deb,BJP,9162,Nagendra Kumar Pradhan,BJD,30576,20.9517,85.0985
Orissa,Sundargarh,Shri Jualo Oram,BJP,223065,Jual (Juel Oram),BJP,18829,20.9517,85.0985
Puducherry,Puducherry,V. Vaithilingam,INC,197025,R. Radhakrishnan,AINRC,60854,11.9416,79.8083
Punjab,Amritsar,Gurjit Singh Aujla,INC,99626,Captain Amarinder Singh,INC,102770,31.1471,75.3412
Punjab,Anandpur Sahib,Manish Tewari,INC,46884,Prem Singh Chandumajra,SAD,23697,31.1471,75.3412
Punjab,Bathinda,Harsimrat Kaur BadalÂ ,SAD,21772,Harsimrat Kaur Badal,SAD,19395,31.1471,75.3412
Punjab,Faridkot,Mohd. Sadique,INC,83256,Prof. Sadhu Singh,AAP,172516,31.1471,75.3412
Punjab,Fatehgarh Sahib,Dr. Amar Singh,INC,93898,Harinder Singh Khalsa,AAP,54144,31.1471,75.3412
Punjab,Gurdaspur,Sunny Deol,BJP,82459,Vinod Khanna,BJP,136065,31.1471,75.3412
Punjab,Hoshiarpur,Sh. Som Prakash,BJP,48530,Vijay Sampla,BJP,13582,31.1471,75.3412
Punjab,Jalandhar,Santokh Singh Chaudhary,INC,19491,Santokh Singh Chaudhary,INC,70981,31.1471,75.3412
Punjab,Khadoor Sahib,Jasbir Singh Gill,INC,140573,Ranjit Singh Brahmpura,SAD,100569,31.1471,75.3412
Punjab,Ludhiana,Ravneet Singh Bittu,INC,76372,Ravneet Singh Bittu,INC,19709,31.1471,75.3412
Punjab,Patiala,Preneet Kaur,INC,162718,Dr. Dharam Vira Gandhi,AAP,20942,31.1471,75.3412
Punjab,Sangrur,Bhagwant Mann,AAP,110211,Bhagwant Mann,AAP,211721,31.1471,75.3412
Rajasthan,Ajmer,Shri Bhagirath Chaudhary,BJP,416424,Sanwar Lal Jat,BJP,171983,27.0238,74.2179
Rajasthan,Alwar,Shri Balak Nath,BJP,329971,Chand Nath,BJP,283895,27.0238,74.2179
Rajasthan,Banswara,Shri Kanak Mal Katara,BJP,305464,Manshankar Ninama,BJP,91916,27.0238,74.2179
Rajasthan,Barmer,Shri Kailash Chaudhry,BJP,323808,Col. Sona Ram,BJP,87461,27.0238,74.2179
Rajasthan,Bharatpur,Smt Ranjeeta Kohli,BJP,318399,Bahadur Singh,BJP,245468,27.0238,74.2179
Rajasthan,Bhilwara,Shri Subhash Chandra Baheria,BJP,612000,Subhash Baheria,BJP,246264,27.0238,74.2179
Rajasthan,Bikaner,Shri Arjun Ram Meghwal,BJP,264081,Arjun Ram Meghwal,BJP,308079,27.0238,74.2179
Rajasthan,Chittorgarh,Chandra Prakash Joshi,BJP,576247,Chandra Prakash Joshi,BJP,316857,27.0238,74.2179
Rajasthan,Churu,"Shri Rahul Kaswan, MP",BJP,334402,Rahul Kaswan,BJP,294739,27.0238,74.2179
Rajasthan,Dausa,Jas Kaur Meena,BJP,78444,Harish Chandra Meena,BJP,45404,27.0238,74.2179
Rajasthan,Ganganagar,Shri Nihal Chand Chauhan,BJP,406978,Nihalchand,BJP,291741,27.0238,74.2179
Rajasthan,Jaipur,Shri Ramcharan Bohra,BJP,430626,Ramcharan Bohara,BJP,539345,27.0238,74.2179
Rajasthan,Jaipur Rural,Col. Rajyavardhan Singh Rathore,BJP,393171,Rajyavardhan Singh Rathore,BJP,332896,27.0238,74.2179
Rajasthan,Jalore,Shri Devji Mansingram Patel,BJP,261110,Devji Patel,BJP,381145,27.0238,74.2179
Rajasthan,Jhalawar-Baran,Shri Dushyant Singh,BJP,453928,Dushyant Singh,BJP,281546,27.0238,74.2179
Rajasthan,Jhunjhunu,Shri Narendra Kumar,BJP,302547,Santosh Ahlawat,BJP,233835,27.0238,74.2179
Rajasthan,Jodhpur,Shri Gajendra Singh Shekhawat,BJP,274440,Gajendrasingh Shekhawat,BJP,410051,27.0238,74.2179
Rajasthan,Karauli-Dholpur,Shri Manoj Rajuriya,BJP,97682,Manoj Rajoria,BJP,27216,27.0238,74.2179
Rajasthan,Kota,Shri Om Birla,BJP,279677,Om Birla,BJP,200782,27.0238,74.2179
Rajasthan,Nagaur,Hanuman Beniwal,BJP,181260,C R Choudhary,BJP,75218,27.0238,74.2179
Rajasthan,Pali,Shri P P Chaudhary,BJP,481597,P P Choudhary,BJP,399039,27.0238,74.2179
Rajasthan,Rajsamand,Smt Diya Kumari,BJP,551916,Hariom Singh Rathore,BJP,395705,27.0238,74.2179
Rajasthan,Sikar,Shri Sumedhanand Saraswati,BJP,297156,Sumedhanand Saraswati,BJP,239196,27.0238,74.2179
Rajasthan,Tonk-Sawai Madhopur,Shri Sukhbir Singh Jaunapuria,BJP,111291,Sukhbir Singh Jaunapuria,BJP,135311,27.0238,74.2179
Rajasthan,Udaipur,Shri Arjunlal Meena,BJP,437914,Arjunlal Meena,BJP,236762,27.0238,74.2179
Sikkim,Sikkim,Indra Hang Subba,SKM,12433,Prem Das Rai,SDF,41742,27.533,88.5122
Tamil Nadu,Arakkonam,S. Jagathrakshakan,DMK,328956,"Hari, G.",AIADMK,240766,11.1271,78.6569
Tamil Nadu,Arani,Vishnu Prasad M.K,INC,230806,V.Elumalai,AIADMK,243844,11.1271,78.6569
Tamil Nadu,Chennai Central,Dayanidhi Maran,DMK,301520,S.R. Vijayakumar,AIADMK,45841,11.1271,78.6569
Tamil Nadu,Chennai North,Dr. Kalanidhi Veeraswamy,DMK,461518,Venkatesh Babu .T.G,AIADMK,99704,11.1271,78.6569
Tamil Nadu,Chennai South,Thamizhachi Thangapandian,DMK,262223,Dr. J. Jayavardhan,AIADMK,136625,11.1271,78.6569
Tamil Nadu,Chidambaram,Thirumaavalavan Thol,Others,3219,"Chandrakasi, M",AIADMK,128495,11.1271,78.6569
Tamil Nadu,Coimbatore,P. R. Natarajan,CPM,179143,"Nagarajan, P.",AIADMK,42016,11.1271,78.6569
Tamil Nadu,Cuddalore,T. R. V .S. Ramesh,DMK,143983,Arunmozhithevan.A,AIADMK,203125,11.1271,78.6569
Tamil Nadu,Dharmapuri,Dnv Senthilkumar. S.,DMK,70753,Anbumani Ramadoss,PMK,77146,11.1271,78.6569
Tamil Nadu,Dindigul,Velusamy P.,DMK,538972,Udhaya Kumar .M,AIADMK,127845,11.1271,78.6569
Tamil Nadu,Erode,Ganeshamurthi A,DMK,210618,Selvakumara Chinnayan S,AIADMK,211563,11.1271,78.6569
Tamil Nadu,Kallakurichi,Gautham Sigamani P,DMK,399919,Kamaraj. K,AIADMK,223507,11.1271,78.6569
Tamil Nadu,Kancheepuram,Selvam.G,DMK,286632,Maragatham K,AIADMK,146866,11.1271,78.6569
Tamil Nadu,Kanniyakumari,H. Vasanthakumar,INC,259933,Radhakrishnan P.,BJP,128662,11.1271,78.6569
Tamil Nadu,Karur,S Jothimani,INC,420546,"Thambidurai,M.",AIADMK,195247,11.1271,78.6569
Tamil Nadu,Krishnagiri,Dr. A Chellakumar,INC,156765,Ashok Kumar.K,AIADMK,206591,11.1271,78.6569
Tamil Nadu,Madurai,Su. Venkatesan,CPM,139395,R.Gopalakrishnan,AIADMK,197436,11.1271,78.6569
Tamil Nadu,Mayiladuthurai,Ramalingam. S,DMK,261314,Bharathi Mohan R.K,AIADMK,277050,11.1271,78.6569
Tamil Nadu,Nagapattinam,M Selvaraj,CPM,211353,Gopal. Dr. K,AIADMK,106079,11.1271,78.6569
Tamil Nadu,Namakkal,Chinraj A.K.P,DMK,265151,Sundaram P.R,AIADMK,294374,11.1271,78.6569
Tamil Nadu,Nilgiris,Raja A.,DMK,205823,"Gopalakrishnan, C.",AIADMK,104940,11.1271,78.6569
Tamil Nadu,Perambalur,Dr.Paarivendhar T. R,DMK,403518,"Marutharajaa, R.P.",AIADMK,213048,11.1271,78.6569
Tamil Nadu,Pollachi,K Shanmuga sundaram,DMK,175883,Mahendran.C,AIADMK,140974,11.1271,78.6569
Tamil Nadu,Ramanathapuram,Navas Kani,Others,127122,Anwhar Raajhaa.A,AIADMK,119324,11.1271,78.6569
Tamil Nadu,Salem,Parthiban.S.R,DMK,146926,Pannerselvam.V,AIADMK,267610,11.1271,78.6569
Tamil Nadu,Sivaganga,Karti P Chidambaram,INC,332244,Senthilnathan Pr,AIADMK,229385,11.1271,78.6569
Tamil Nadu,Sriperumbudur,Baalu.T.R.,DMK,507955,"Ramachandran, K.N. Thiru",AIADMK,102646,11.1271,78.6569
Tamil Nadu,Tenkasi,Dhanush M Kumar,DMK,120286,Vasanthi.M,AIADMK,161774,11.1271,78.6569
Tamil Nadu,Thanjavur,Palanimanickam.S.S,DMK,368129,Parasuraman.K,AIADMK,144119,11.1271,78.6569
Tamil Nadu,Theni,Raveendranath Kumar P,AIDMK,76693,"Parthipan, R.",AIADMK,314532,11.1271,78.6569
Tamil Nadu,Thoothukkudi,Kanimozhi Karunanidhi,DMK,347209,Jeyasingh Thiyagaraj Natterjee.J,AIADMK,124002,11.1271,78.6569
Tamil Nadu,Tiruchirappalli,Su. Thirunnavukkarasar,INC,459286,Kumar.P,AIADMK,150476,11.1271,78.6569
Tamil Nadu,Tirunelveli,Gnanathiraviam S,DMK,185457,Prabakaran.K.R.P,AIADMK,126099,11.1271,78.6569
Tamil Nadu,Tiruppur,"Subbarayan, K.",CPI,93368,V.Sathyabama,AIADMK,179315,11.1271,78.6569
Tamil Nadu,Tiruvannamalai,Annadurai C N,DMK,304187,Vanaroja R,AIADMK,168606,11.1271,78.6569
Tamil Nadu,Viluppuram,Ravikumar D,DMK,128068,Rajendran S,AIADMK,193367,11.1271,78.6569
Tamil Nadu,Virudhunagar,Manickam Tagore,INC,154554,Radhakrishnan T,AIADMK,145551,11.1271,78.6569
Telangana,Adilabad,Shri Soyam Babu Rao,BJP,58560,Godam Nagesh,TRS,171290,18.1124,79.0193
Telangana,Bhongir,Komati reddy Venkat Reddy,INC,5219,Dr. Boora Narsaiah Goud,TRS,30494,18.1124,79.0193
Telangana,Chelvella,Dr.G. Ranjith Reddy,TRS,14317,Konda Vishweshwar Reddy,TRS,73023,18.1124,79.0193
Telangana,Hyderabad,Asaduddin Owaisi,Others,282186,Asaduddin Owaisi,AIMIM,202454,18.1124,79.0193
Telangana,Karimnagar,Shri Bandi Sanjay Kumar,BJP,89508,Vinod Kumar Boinapally,TRS,205077,18.1124,79.0193
Telangana,Khammam,Nama Nageswr Rao,TRS,168062,Ponguleti Srinivasa Reddy,YSRCP,11974,18.1124,79.0193
Telangana,Mahabubabad,Kavitha Malothu,TRS,146663,Prof. Azmeera Seetaram Naik,TRS,34992,18.1124,79.0193
Telangana,Malkajgiri,Anumula Revanth Reddy,INC,10919,Ch.Malla Reddy,TDP,28371,18.1124,79.0193
Telangana,Medak,Kotha Prabhakar Reddy,TRS,316427,Kalvakuntla Chandrasekhar Rao,TRS,397029,18.1124,79.0193
Telangana,Nagarkurnool,Pothuganti Ramulu,TRS,189748,Yellaiah Nandi,INC,16676,18.1124,79.0193
Telangana,Nalgonda,Uttam Kumar Reddy Nalamada,INC,25682,Gutha Sukhender Reddy,INC,193156,18.1124,79.0193
Telangana,Nizamabad,Aravind Dharmapuri,BJP,70875,Kalvakuntla Kavitha,TRS,167184,18.1124,79.0193
Telangana,Warangal,Dayakar Pasunoori,TRS,350298,Kadiyam Srihari,TRS,392574,18.1124,79.0193
Telangana,Zahirabad,B.B. Patil,TRS,6229,B.B. Patil,TRS,144631,18.1124,79.0193
Tripura,Tripura East,Rebati Tripura,BJP,204290,Sankar Prasad Datta,CPM,503486,23.9408,91.9882
Tripura,Tripura West,Pratima Bhoumik,BJP,305689,Jitendera Choudhury,CPM,484358,23.9408,91.9882
Uttar Pradesh,Agra,Prof.S. P. Singh Baghel,BJP,211546,Dr. Ram Shankar Katheria,BJP,300263,28.207609,79.82666
Uttar Pradesh,Akbarpur,Devendra Singh Bhole,BJP,275142,Devendra Singh (Bhole Singh),BJP,278997,28.207609,79.82666
Uttar Pradesh,Aligarh,Satish Kumar Gautam,BJP,229261,Satish Kumar,BJP,286736,28.207609,79.82666
Uttar Pradesh,Allahabad,Rita Bahuguna Joshi,BJP,184275,Shyama Charan Gupta,BJP,62009,28.207609,79.82666
Uttar Pradesh,Ambedkar Nagar,Shri Ritesh Pandey,BSP,95880,Hari Om Pandey,BJP,139429,28.207609,79.82666
Uttar Pradesh,Amethi,Smriti Irani,BJP,55120,Rahul Gandhi,INC,107903,28.207609,79.82666
Uttar Pradesh,Amroha,Kunwar Danish Ali,BSP,63248,Kanwar Singh Tanwar,BJP,158214,28.207609,79.82666
Uttar Pradesh,Aonla,Dharmendra Kashyap,BJP,113743,Dharmendra Kumar,BJP,138429,28.207609,79.82666
Uttar Pradesh,Azamgarh,Shree Akhilesh Yadav,SP,259874,Mulayam Singh Yadav,SP,63204,28.207609,79.82666
Uttar Pradesh,Badaun,Sangh Mitra Maurya,BJP,18454,Dharmendra Yadav,SP,166347,28.207609,79.82666
Uttar Pradesh,Baghpat,Dr. Satyapal Singh,BJP,23502,Dr. Satya Pal Singh,BJP,209866,28.207609,79.82666
Uttar Pradesh,Bahraich,Akshaibar Lal,BJP,128752,Sadhvi Savitri Bai Foole,BJP,95645,28.207609,79.82666
Uttar Pradesh,Ballia,Virendra Singh Mast,BJP,15519,Bharat Singh,BJP,139434,28.207609,79.82666
Uttar Pradesh,Banda,R. K. Singh Patel,BJP,58938,Bhairon Prasad Mishra,BJP,115788,28.207609,79.82666
Uttar Pradesh,Bansgaon,Kamlesh Paswan,BJP,153468,Kamlesh Paswan,BJP,189516,28.207609,79.82666
Uttar Pradesh,Barabanki,Upendra Singh Rawat,BJP,110140,Priyanka Singh Rawat,BJP,211878,28.207609,79.82666
Uttar Pradesh,Bareilly,Santosh Kumar Gangwar,BJP,167282,Santosh Kumar Gangwar,BJP,240685,28.207609,79.82666
Uttar Pradesh,Basti,Harish Chandra Alias Harish Dwivedi,BJP,30354,Harish Chandra Alias Harish Dwivedi,BJP,33562,28.207609,79.82666
Uttar Pradesh,Bhadohi,Ramesh Chand,BJP,43615,Virendra Singh,BJP,158039,28.207609,79.82666
Uttar Pradesh,Bijnor,Malook Nagar,BSP,69941,Kunwar Bhartendra,BJP,205774,28.207609,79.82666
Uttar Pradesh,Bulandshahr,Bhola Singh,BJP,290057,Bhola Singh,BJP,421973,28.207609,79.82666
Uttar Pradesh,Chandauli,Mahendra Nath Pandey,BJP,13959,Dr Mahendra Nath Pandey,BJP,156756,28.207609,79.82666
Uttar Pradesh,Deoria,Ramapati Ram Tripathi,BJP,249931,Kalraj Mishra,BJP,265386,28.207609,79.82666
Uttar Pradesh,Dhaurahra,Rekha Verma,BJP,160611,Rekha,BJP,125675,28.207609,79.82666
Uttar Pradesh,Domariyaganj,Jagdambika Pal,BJP,105321,Jagdambika Pal,BJP,103588,28.207609,79.82666
Uttar Pradesh,Etah,Rajveer Singh,BJP,122670,Rajveer Singh (Raju Bhaiya),BJP,201001,28.207609,79.82666
Uttar Pradesh,Etawah,,BJP,64437,Ashok Kumar Doharey,BJP,172946,28.207609,79.82666
Uttar Pradesh,Faizabad,Lallu Singh,BJP,65477,Lallu Singh,BJP,282775,28.207609,79.82666
Uttar Pradesh,Farrukhabad,Mukesh Rajput,BJP,221702,Mukesh Rajput,BJP,150502,28.207609,79.82666
Uttar Pradesh,Fatehpur,Niranjan Jyoti,BJP,198205,Niranjan Jyoti,BJP,187206,28.207609,79.82666
Uttar Pradesh,Fatehpur Sikri,Raj Kumar Chaher,BJP,495065,Babulal,BJP,173106,28.207609,79.82666
Uttar Pradesh,Firozabad,Chandra Sen Jadun,BJP,28781,Akshay Yadav,SP,114059,28.207609,79.82666
Uttar Pradesh,Gautam Buddha Nagar,Mahesh Sharma,BJP,336922,Dr.Mahesh Sharma,BJP,280212,28.207609,79.82666
Uttar Pradesh,Ghaziabad,Vijay Kumar Singh,BJP,501500,Vijay Kumar Singh,BJP,567260,28.207609,79.82666
Uttar Pradesh,Ghazipur,Shri Afzal Ansari,BSP,119392,Manoj Sinha,BJP,32452,28.207609,79.82666
Uttar Pradesh,Ghosi,Atul Kumar Singh,BSP,122568,Harinarayan Rajbhar,BJP,146015,28.207609,79.82666
Uttar Pradesh,Gonda,Kirti Vardhan Singh,BJP,166360,Kirti Vardhan Singh,BJP,160416,28.207609,79.82666
Uttar Pradesh,Gorakhpur,Ravindra Shyamnarayan,BJP,301664,Adityanath,BJP,312783,28.207609,79.82666
Uttar Pradesh,Hamirpur,Kunwar Pushpendra,BJP,248652,Kunwar Pushpendra Singh Chandel,BJP,266788,28.207609,79.82666
Uttar Pradesh,Hardoi,Jai Prakash Rawat,BJP,132474,Anshul Verma,BJP,81343,28.207609,79.82666
Uttar Pradesh,Hathras,Rajvir Diler,BJP,260208,Rajesh Kumar Diwaker,BJP,326386,28.207609,79.82666
Uttar Pradesh,Jalaun,Bhanu Pratap Singh Verma,BJP,158377,Bhanu Pratap Singh Verma,BJP,287202,28.207609,79.82666
Uttar Pradesh,Jaunpur,Shri Shyam Singh Yadav,BSP,80936,Krishna Pratap (K.P.),BJP,146310,28.207609,79.82666
Uttar Pradesh,Jhansi,Anurag Sharma,BJP,365683,Uma Bharati,BJP,190467,28.207609,79.82666
Uttar Pradesh,Kairana,Pradeep Kumar,BJP,92160,Hukum Singh,BJP,236828,28.207609,79.82666
Uttar Pradesh,Kaiserganj,Brij Bhushan Sharan Singh,BJP,261601,Brij Bhusan Sharan Singh,BJP,78218,28.207609,79.82666
Uttar Pradesh,Kannauj,Subrat Pathak,BJP,12353,Dimple Yadav,SP,19907,28.207609,79.82666
Uttar Pradesh,Kanpur,Satyadev Pachauri,BJP,155934,Dr.Murli Manohar Joshi,BJP,222946,28.207609,79.82666
Uttar Pradesh,Kaushambi,Vinod Kumar Sonkar,BJP,38722,Vinod Kumar Sonkar,BJP,42847,28.207609,79.82666
Uttar Pradesh,Kheri,Ajay Kumar Mishra,BJP,218807,Ajay Kumar,BJP,110274,28.207609,79.82666
Uttar Pradesh,Kushi Nagar,Vijay Kumar Dubey,BJP,337560,Rajesh Pandey Urf Guddu,BJP,85540,28.207609,79.82666
Uttar Pradesh,Lalganj,Smt. Sangeeta,BSP,161597,Neelam Sonkar,BJP,63086,28.207609,79.82666
Uttar Pradesh,Lucknow,Rajnath Singh,BJP,347302,Raj Nath Singh,BJP,272749,28.207609,79.82666
Uttar Pradesh,Machhlishahr,B P Saroj,BJP,181,Ram Charitra Nishad,BJP,172155,28.207609,79.82666
Uttar Pradesh,Maharajganj,Pankaj Choudhary,BJP,340424,Pankaj,BJP,240458,28.207609,79.82666
Uttar Pradesh,Mainpuri,Shree Mulayam Singh Yadav,SP,94389,Mulayam Singh Yadav,SP,364666,28.207609,79.82666
Uttar Pradesh,Mathura,Hema Malini,BJP,293471,Hema Malini,BJP,330743,28.207609,79.82666
Uttar Pradesh,Meerut,Rajendra Agrawal,BJP,4729,Rajendra Agarwal,BJP,232326,28.207609,79.82666
Uttar Pradesh,Mirzapur,Anupriya Patel,AD,232008,Anupriya Singh Patel,AD,219079,28.207609,79.82666
Uttar Pradesh,Misrikh,Ashok Kumar Rawat,BJP,100672,Anju Bala,BJP,87363,28.207609,79.82666
Uttar Pradesh,Mohanlalganj,Kaushal Kishore,BJP,90229,Kaushal Kishore,BJP,145416,28.207609,79.82666
Uttar Pradesh,Moradabad,Dr. S T Hassan,SP,97878,Kunwer Sarvesh Kumar,BJP,87504,28.207609,79.82666
Uttar Pradesh,Muzaffarnagar,Sanjeev Balyan,BJP,6526,(Dr.) Sanjeev Kumar Balyan,BJP,401150,28.207609,79.82666
Uttar Pradesh,Nagina,Girish Chandra,BSP,166832,Yashwant Singh,BJP,92390,28.207609,79.82666
Uttar Pradesh,Phulpur,Keshri Devi Patel,BJP,171968,Keshav Prasad Maurya,BJP,308308,28.207609,79.82666
Uttar Pradesh,Pilibhit,Feroze Varun Gandhi,BJP,255627,Maneka Sanjay Gandhi,BJP,307052,28.207609,79.82666
Uttar Pradesh,Pratapgarh,Sangam Lal Gupta,BJP,117752,Kuwar Harivansh Singh,AD,168222,28.207609,79.82666
Uttar Pradesh,Rae Bareli,Sonia Gandhi,INC,167178,Sonia Gandhi,INC,352713,28.207609,79.82666
Uttar Pradesh,Rampur,M. Azam Khan,SP,109997,Dr. Nepal Singh,BJP,23435,28.207609,79.82666
Uttar Pradesh,Robertsganj,Pakauri Lal,AD,54336,Chhotelal,BJP,190486,28.207609,79.82666
Uttar Pradesh,Saharanpur,Haji Fazlurregman,BSP,22417,Raghav Lakhanpal,BJP,65090,28.207609,79.82666
Uttar Pradesh,Salempur,Ravindra Kushawaha,BJP,112477,Ravindra Kushawaha,BJP,232342,28.207609,79.82666
Uttar Pradesh,Sambhal,Shree Shafiqur Rahman Barq,SP,174826,Satyapal Singh,BJP,5174,28.207609,79.82666
Uttar Pradesh,Sant Kabir Nagar,Praveen Kumar Nishad,BJP,35749,Sharad Tripathi,BJP,97978,28.207609,79.82666
Uttar Pradesh,Shahjahanpur,Arun Sagar,BJP,268418,Krishna Raj,BJP,235529,28.207609,79.82666
Uttar Pradesh,Sitapur,Rajesh Verma,BJP,100833,Rajesh Verma,BJP,51027,28.207609,79.82666
Uttar Pradesh,Sultanpur,Maneka Gandhi,BJP,14526,Feroze Varun Gandhi,BJP,178902,28.207609,79.82666
Uttar Pradesh,Unnao,Sakshi Maharaj,BJP,400956,Swami Sachchidanand Hari Sakshi,BJP,310173,28.207609,79.82666
Uttar Pradesh,Varanasi,Narendra Modi,BJP,479505,Narendra Modi,BJP,371784,28.207609,79.82666
Uttarakhand,Almora,Shri Ajay Tamta,BJP,232986,Ajay Tamta,BJP,95690,30.0668,79.0193
Uttarakhand,Garhwal,Shri Tirath Singh Rawat,BJP,302669,(Maj Gen (Retd.) ) Bhuwan Chandra Khanduri (Avsm),BJP,184526,30.0668,79.0193
Uttarakhand,Hardwar,Dr. Ramesh Pokhriyal,BJP,258729,Ramesh Pokhriyal Nishank,BJP,177822,30.0668,79.0193
Uttarakhand,Nainital-Udhamsingh Nagar,Shri Ajay Bhatt,BJP,339096,Bhagat Singh Koshyari,BJP,284717,30.0668,79.0193
Uttarakhand,Tehri Garhwal,Smt. Mala Rajya Laxmi Shah,BJP,300586,Mala Rajya Laxmi Shah,BJP,192503,30.0668,79.0193
West Bengal,Alipurduars,john barla,BJP,243989,Dasrath Tirkey,AITC,21397,22.978624,87.747803
West Bengal,Arambagh,Aparupa Poddar,AITC,1142,Aparupa Poddar (Afrin Ali),AITC,346845,22.978624,87.747803
West Bengal,Asansol,Shri Babul Supriyo,BJP,197637,Babul Supriya Baral (Babul Supriyo),BJP,70480,22.978624,87.747803
West Bengal,Baharampur,Adhir Ranjan Chowdhury,INC,80696,Adhir Ranjan Chowdhury,INC,356567,22.978624,87.747803
West Bengal,Balurghat,Dr Sukanta Majumdar,BJP,33293,Arpita Ghosh,AITC,106964,22.978624,87.747803
West Bengal,Bangaon,Shri Shantanu Thakur,BJP,111594,Kapil Krishna Thakur,AITC,146601,22.978624,87.747803
West Bengal,Bankura,Dr Subhash Sarkar,BJP,174333,Sreemati Dev Varma (Moon Moon Sen),AITC,98506,22.978624,87.747803
West Bengal,Barasat,Dr Kakoli ghoshdastidar,AITC,109983,Dr. Kakali Ghoshdostidar,AITC,173141,22.978624,87.747803
West Bengal,Bardhaman Purba,Sunil Kumar Mondal,AITC,89311,Sunil Kumar Mondal,AITC,114479,22.978624,87.747803
West Bengal,Barrackpore,Shri Arjun Singh,BJP,14857,Dinesh Trivedi,AITC,206773,22.978624,87.747803
West Bengal,Basirhat,Nusrat Jahan,AITC,350369,Idris Ali,AITC,109659,22.978624,87.747803
West Bengal,Birbhum,Satabdi Roy,AITC,88924,Satabdi Roy,AITC,67263,22.978624,87.747803
West Bengal,Bishnupur,Shri Soumitra Khan,BJP,78047,Khan Saumitra,AITC,149685,22.978624,87.747803
West Bengal,Bolpur,Asit Kumar Mal,AITC,106402,Anupam Hazra,AITC,236112,22.978624,87.747803
West Bengal,Cooch Behar,Shri Nisith Pramanik,BJP,54231,Renuka Sinha,AITC,87107,22.978624,87.747803
West Bengal,Darjeeling,Shri Raju Singh Bisht,BJP,413443,S.S.Ahluwalia,BJP,197239,22.978624,87.747803
West Bengal,Diamond Harbour,Abhishek Banerjee,AITC,320594,Abhishek Banerjee,AITC,71298,22.978624,87.747803
West Bengal,Dum Dum,Sougata Roy,AITC,53002,Saugata Roy,AITC,154934,22.978624,87.747803
West Bengal,Ghatal,Deepak Adhikari,AITC,107973,Adhikari Deepak (Dev),AITC,260891,22.978624,87.747803
West Bengal,Hooghly,Smt. Locket chaterjee,BJP,73362,Dr. Ratna De (Nag),AITC,189084,22.978624,87.747803
West Bengal,Howrah,Prasun Banerjee,AITC,103695,Prasun Banerjee,AITC,196956,22.978624,87.747803
West Bengal,Jadavpur,Mimi Chakraborty,AITC,295239,Sugata Bose,AITC,125203,22.978624,87.747803
West Bengal,Jalpaiguri,Dr Jayanta Kumar Ray,BJP,184004,Bijoy Chandra Barman,AITC,69606,22.978624,87.747803
West Bengal,Jangipur,Khalilur Rehman,AITC,245782,Abhijit Mukherjee,INC,8161,22.978624,87.747803
West Bengal,Jhargram,Dr Kunar Hembram,BJP,11767,Uma Saren,AITC,347883,22.978624,87.747803
West Bengal,Joynagar,Pratima Mondal,AITC,316775,Pratima Mondal,AITC,108384,22.978624,87.747803
West Bengal,Kanthi,Sisir Adhikari,AITC,111668,Adhikari Sisir Kumar,AITC,229490,22.978624,87.747803
West Bengal,Kolkata Dakshin,Mala Roy,AITC,155192,Subrata Bakshi,AITC,136339,22.978624,87.747803
West Bengal,Kolkata Uttar,Sudip Bandyopadhyay,AITC,127095,Sudip Bandyopadhyay,AITC,96226,22.978624,87.747803
West Bengal,Krishnanagar,Mahua Motira,AITC,63218,Tapas Paul,AITC,71255,22.978624,87.747803
West Bengal,Maldaha Dakshin,Abu Hasem Khan Chowdhury,INC,8222,Abu Hasem Khan Chowdhury,INC,164111,22.978624,87.747803
West Bengal,Maldaha Uttar,Shri Khagen Murmu,BJP,84288,Mausam Noor,INC,65705,22.978624,87.747803
West Bengal,Mathurapur,Choudhary Mohan Jatua,AITC,203974,Choudhury Mohan Jatua,AITC,138436,22.978624,87.747803
West Bengal,Medinipur,Shri Dilip Ghosh,BJP,88952,Sandhya Roy,AITC,184666,22.978624,87.747803
West Bengal,Murshidabad,Abu Taher Khan,AITC,226417,Badaruddoza Khan,CPM,18453,22.978624,87.747803
West Bengal,Purulia,Shri Jyotirmoy Mahto,BJP,204732,Dr. Mriganka Mahato,AITC,153877,22.978624,87.747803
West Bengal,Raiganj,Smt. Deboshree Chaudhary,BJP,60574,Md. Salim,CPM,1634,22.978624,87.747803
West Bengal,Ranaghat,Jagannath Sarkar,BJP,233428,Tapas Mandal,AITC,201767,22.978624,87.747803
West Bengal,Tamluk,Dibyendu Adhikari,AITC,190165,Adhikari Suvendu,AITC,246481,22.978624,87.747803
West Bengal,Uluberia,Sajda Ahmed,AITC,215359,Sultan Ahmed,AITC,201222,22.978624,87.747803